Timestamp,F_curr_X_N,F_curr_Y_N,F_curr_Z_N,A_X,A_Y,B_X,B_Y,C_X,C_Y,F_pred_X_N,F_pred_Y_N,F_pred_Z_N,Pixhawk_Time_ms,Prediction_Time_ms,Cold_Start_Progress
2025/11/05 17:26:40.332,-0.513,-0.102,4.098,0.216,-0.034,-0.133,-0.035,-0.057,-0.098,-0.31,-0.09,4.39,2945340,,
2025/11/05 17:26:40.333,-0.206,-0.236,4.986,0.216,-0.04,-0.087,0.001,-0.029,-0.075,-0.223,-0.051,4.625,2945440,,
2025/11/05 17:26:40.334,0.402,0.097,5.997,0.239,-0.044,-0.079,-0.015,-0.022,-0.086,-0.156,-0.091,5.022,2945540,,
2025/11/05 17:26:40.335,-0.036,-0.452,5.85,0.203,-0.072,-0.165,-0.042,-0.076,-0.106,-0.215,-0.157,5.323,2945640,,
2025/11/05 17:26:40.336,-0.246,-0.327,5.927,0.188,-0.105,-0.181,-0.065,-0.089,-0.131,-0.163,-0.238,5.577,2945740,,
2025/11/05 17:26:40.337,-1.383,-0.214,5.6,0.191,-0.085,-0.167,-0.048,-0.079,-0.115,-0.049,-0.211,5.772,2945840,,
2025/11/05 17:26:40.338,-1.587,-0.219,5.554,0.228,-0.08,-0.144,-0.043,-0.056,-0.111,0.103,-0.202,5.833,2945940,,
2025/11/05 17:26:40.339,-0.772,-0.961,5.291,0.188,-0.089,-0.15,-0.04,-0.077,-0.116,0.108,-0.206,5.575,2946040,,
2025/11/05 17:26:40.340,-0.143,-0.575,5.191,0.195,-0.041,-0.143,-0.042,-0.074,-0.09,0.158,-0.114,5.221,2946140,,
2025/11/05 17:26:40.341,1.134,-0.562,4.916,0.19,-0.025,-0.141,-0.055,-0.077,-0.079,0.158,-0.062,4.772,2946240,,
2025/11/05 17:26:40.342,1.306,-0.541,4.6,0.202,-0.048,-0.156,-0.041,-0.067,-0.093,0.168,-0.08,4.32,2946340,,
2025/11/05 17:26:40.343,0.193,0.36,4.16,0.215,-0.076,-0.202,0.012,-0.047,-0.122,0.186,-0.147,4.021,2946440,,
2025/11/05 17:26:40.345,-0.026,0.018,3.991,0.211,-0.066,-0.19,0.058,-0.051,-0.136,0.091,-0.179,3.79,2946540,,
2025/11/05 17:26:40.346,-0.769,-0.938,3.744,0.216,-0.051,-0.18,0.057,-0.054,-0.137,-0.017,-0.159,3.727,2946640,,
2025/11/05 17:26:40.347,-0.214,-1.497,3.83,0.216,-0.036,-0.168,0.054,-0.055,-0.142,-0.125,-0.145,3.766,2946740,,
2025/11/05 17:26:40.348,-1.031,-0.091,3.683,0.172,-0.053,-0.182,0.059,-0.041,-0.134,-0.153,-0.1,3.99,2946840,,
2025/11/05 17:26:40.349,-0.186,0.07,4.136,0.138,-0.062,-0.157,0.061,-0.019,-0.13,-0.167,-0.064,4.25,2946940,,
2025/11/05 17:26:40.350,-0.192,-0.18,4.011,0.16,-0.076,-0.165,0.061,-0.03,-0.126,-0.243,-0.031,4.482,2947040,,
2025/11/05 17:26:40.351,-0.374,-0.831,4.336,0.167,-0.082,-0.178,0.039,-0.039,-0.138,-0.283,-0.051,4.711,2947140,,
2025/11/05 17:26:40.352,-1.011,-0.699,4.436,0.158,-0.087,-0.228,0.032,-0.069,-0.143,-0.344,-0.077,4.944,2947240,,
2025/11/05 17:26:40.353,-1.466,0.37,4.829,0.175,-0.06,-0.167,0.075,-0.032,-0.114,-0.212,-0.035,5.291,2947340,,
2025/11/05 17:26:40.354,-0.716,0.399,5.183,0.167,-0.063,-0.188,0.065,-0.045,-0.12,-0.18,-0.074,5.451,2947440,,
2025/11/05 17:26:40.356,-0.569,-0.327,5.357,0.15,-0.088,-0.204,0.052,-0.059,-0.136,-0.132,-0.147,5.547,2947540,,
2025/11/05 17:26:40.357,-0.267,-1.094,5.58,0.103,-0.129,-0.231,0.036,-0.088,-0.157,-0.126,-0.247,5.539,2947640,,
2025/11/05 17:26:40.358,-0.119,-0.503,5.517,0.124,-0.043,-0.217,0.07,-0.074,-0.111,0.001,-0.139,5.508,2947740,,
2025/11/05 17:26:40.359,1.17,-0.258,6.077,0.124,-0.036,-0.215,0.07,-0.075,-0.107,0.079,-0.153,5.355,2947840,,
2025/11/05 17:26:40.360,0.996,-0.481,5.667,0.09,-0.043,-0.194,0.072,-0.096,-0.112,0.076,-0.185,5.141,2947940,,
2025/11/05 17:26:40.361,0.789,-0.666,5.001,0.106,-0.015,-0.187,0.049,-0.09,-0.091,0.121,-0.139,4.838,2948040,,
2025/11/05 17:26:40.362,0.173,-1.421,4.718,0.09,0.0,-0.138,0.027,-0.112,-0.078,0.048,-0.105,4.47,2948140,,
2025/11/05 17:26:40.363,-0.568,-0.521,4.466,0.095,-0.009,-0.119,0.055,-0.118,-0.091,0.0,-0.146,4.188,2948240,,
2025/11/05 17:26:40.364,-0.481,0.483,4.323,0.083,-0.017,-0.139,0.062,-0.112,-0.093,-0.012,-0.145,4.016,2948340,,
2025/11/05 17:26:40.365,-0.742,0.706,4.018,0.1,-0.023,-0.116,0.06,-0.12,-0.091,-0.099,-0.122,3.9,2948440,,
2025/11/05 17:26:40.366,-1.686,-0.284,3.529,0.112,0.012,-0.121,0.065,-0.124,-0.103,-0.167,-0.145,3.905,2948540,,
2025/11/05 17:26:40.367,-0.707,-0.803,3.991,0.037,0.051,-0.116,0.052,-0.093,-0.122,-0.115,-0.181,4.038,2948640,,
2025/11/05 17:26:40.368,-0.146,-0.459,3.786,0.048,0.022,-0.109,0.061,-0.094,-0.108,-0.166,-0.116,4.136,2948740,,
2025/11/05 17:26:40.369,-0.016,-0.366,4.024,0.061,0.021,-0.121,0.055,-0.104,-0.111,-0.223,-0.098,4.272,2948840,,
2025/11/05 17:26:40.370,-0.476,-0.541,3.881,0.059,0.015,-0.166,0.048,-0.131,-0.115,-0.301,-0.086,4.43,2948940,,
2025/11/05 17:26:40.371,-1.41,-0.205,3.985,0.045,0.027,-0.142,0.092,-0.118,-0.088,-0.267,-0.006,4.677,2949040,,
2025/11/05 17:26:40.372,-0.637,0.525,4.509,0.074,0.029,-0.083,0.074,-0.08,-0.097,-0.157,-0.021,4.916,2949140,,
2025/11/05 17:26:40.373,-0.603,0.631,4.84,0.049,0.012,-0.104,0.053,-0.1,-0.113,-0.172,-0.059,5.087,2949240,,
2025/11/05 17:26:40.374,-1.473,0.174,4.741,0.059,-0.023,-0.081,0.031,-0.084,-0.136,-0.097,-0.131,5.296,2949340,,
2025/11/05 17:26:40.376,-1.232,0.348,5.063,0.142,-0.013,-0.039,0.037,-0.035,-0.13,0.08,-0.127,5.477,2949440,,
2025/11/05 17:26:40.377,-0.451,0.804,5.385,0.138,-0.011,-0.044,0.036,-0.039,-0.128,0.097,-0.137,5.471,2949540,,
2025/11/05 17:26:40.378,-1.013,0.541,5.077,0.119,0.001,-0.036,0.041,-0.05,-0.122,0.074,-0.134,5.359,2949640,,
2025/11/05 17:26:40.378,-0.758,0.489,4.954,0.125,0.01,-0.035,0.045,-0.047,-0.118,0.071,-0.138,5.193,2949740,,
2025/11/05 17:26:40.379,-0.389,0.798,4.966,0.12,0.044,-0.031,0.005,-0.051,-0.09,0.038,-0.072,4.936,2949840,,
2025/11/05 17:26:40.380,0.24,0.205,5.016,0.113,0.043,-0.016,0.015,-0.058,-0.094,-0.021,-0.101,4.645,2949940,,
2025/11/05 17:26:40.381,1.243,-0.064,5.11,0.102,0.061,-0.019,0.083,-0.059,-0.115,-0.057,-0.208,4.388,2950040,,
2025/11/05 17:26:40.382,0.093,-0.277,3.767,0.096,0.058,-0.026,0.059,-0.056,-0.108,-0.082,-0.189,4.083,2950140,,
2025/11/05 17:26:40.383,-0.615,-0.283,3.487,0.061,0.039,-0.046,0.036,-0.046,-0.101,-0.064,-0.155,3.828,2950240,,
2025/11/05 17:26:40.383,0.434,-0.198,4.136,0.031,0.049,-0.028,0.035,-0.032,-0.105,-0.052,-0.164,3.753,2950340,,
2025/11/05 17:26:40.384,0.187,-0.477,4.327,0.064,0.073,-0.019,0.019,-0.042,-0.12,-0.107,-0.193,3.832,2950440,,
2025/11/05 17:26:40.386,-0.301,-0.844,4.304,0.036,0.054,0.017,0.019,-0.015,-0.114,-0.042,-0.157,4.091,2950540,,
2025/11/05 17:26:40.387,0.661,-0.617,5.16,0.056,0.053,0.039,0.009,-0.005,-0.12,-0.02,-0.154,4.42,2950640,,
2025/11/05 17:26:40.388,0.699,-0.431,5.598,0.071,0.05,0.001,0.02,-0.028,-0.113,-0.058,-0.117,4.841,2950740,,
2025/11/05 17:26:40.389,-0.069,0.018,5.96,0.067,0.062,-0.016,0.055,-0.039,-0.092,-0.063,-0.044,5.376,2950840,,
2025/11/05 17:26:40.390,0.334,-1.323,6.499,0.063,0.004,-0.036,-0.002,-0.05,-0.138,-0.07,-0.14,5.874,2950940,,
2025/11/05 17:26:40.391,0.025,-0.359,6.66,0.075,-0.03,-0.026,-0.036,-0.041,-0.167,-0.019,-0.215,6.256,2951040,,
2025/11/05 17:26:40.392,-0.111,-0.036,6.475,0.056,-0.042,-0.038,-0.045,-0.054,-0.176,-0.029,-0.237,6.398,2951140,,
2025/11/05 17:26:40.393,-0.988,-0.111,5.776,0.051,-0.04,-0.034,-0.042,-0.054,-0.174,-0.012,-0.224,6.316,2951240,,
2025/11/05 17:26:40.394,-0.828,0.182,5.141,0.067,-0.05,-0.035,-0.042,-0.046,-0.179,0.024,-0.224,5.926,2951340,,
2025/11/05 17:26:40.395,-0.346,0.163,4.728,0.031,-0.002,-0.04,-0.047,-0.064,-0.153,-0.017,-0.133,5.347,2951440,,
2025/11/05 17:26:40.396,-0.106,-0.435,3.935,0.017,0.014,-0.041,-0.049,-0.071,-0.143,-0.029,-0.096,4.731,2951540,,
2025/11/05 17:26:40.397,-0.424,-0.931,3.336,-0.001,0.008,-0.009,-0.026,-0.089,-0.154,-0.08,-0.126,4.119,2951640,,
2025/11/05 17:26:40.398,-0.76,-0.031,2.951,0.004,-0.002,-0.018,-0.035,-0.085,-0.153,-0.066,-0.118,3.668,2951740,,
2025/11/05 17:26:40.399,-0.289,0.749,3.126,0.004,-0.009,-0.01,-0.027,-0.087,-0.156,-0.079,-0.128,3.398,2951840,,
2025/11/05 17:26:40.400,-1.078,0.344,2.658,0.044,0.007,0.025,-0.012,-0.101,-0.161,-0.149,-0.157,3.296,2951940,,
2025/11/05 17:26:40.401,-0.45,-0.405,3.081,0.031,0.019,0.02,-0.019,-0.096,-0.166,-0.133,-0.173,3.41,2952040,,
2025/11/05 17:26:40.402,-0.065,-0.563,3.01,0.045,0.069,0.022,-0.03,-0.102,-0.188,-0.15,-0.252,3.627,2952140,,
2025/11/05 17:26:40.403,0.502,0.046,3.836,0.014,-0.007,0.044,-0.001,-0.081,-0.148,-0.087,-0.141,3.97,2952240,,
2025/11/05 17:26:40.404,1.148,-0.176,4.794,0.029,-0.012,0.036,-0.003,-0.089,-0.148,-0.095,-0.139,4.432,2952340,,
2025/11/05 17:26:40.405,-0.064,-0.63,4.948,0.018,-0.033,0.009,0.084,-0.104,-0.093,-0.108,-0.005,5.001,2952440,,
2025/11/05 17:26:40.407,0.24,-1.054,5.651,0.016,-0.035,-0.011,0.076,-0.116,-0.098,-0.132,-0.014,5.482,2952540,,
2025/11/05 17:26:40.408,0.056,-0.904,6.183,0.004,-0.068,-0.044,0.001,-0.137,-0.146,-0.181,-0.148,5.895,2952640,,
2025/11/05 17:26:40.409,-0.4,0.287,6.574,0.018,-0.069,-0.03,-0.016,-0.125,-0.152,-0.146,-0.195,6.295,2952740,,
2025/11/05 17:26:40.410,-0.228,-0.107,6.891,0.001,-0.055,-0.043,-0.01,-0.137,-0.144,-0.167,-0.191,6.489,2952840,,
2025/11/05 17:26:40.410,-0.599,-0.012,6.68,-0.015,-0.044,-0.045,-0.006,-0.144,-0.139,-0.177,-0.183,6.488,2952940,,
2025/11/05 17:26:40.411,-1.11,-0.244,6.442,0.001,-0.036,-0.029,-0.008,-0.134,-0.135,-0.134,-0.172,6.28,2953040,,
2025/11/05 17:26:40.412,-0.114,-0.088,6.389,0.006,-0.042,-0.022,-0.017,-0.132,-0.138,-0.12,-0.174,5.878,2953140,,
2025/11/05 17:26:40.413,-0.088,0.217,5.884,0.003,-0.057,-0.011,-0.018,-0.136,-0.145,-0.127,-0.179,5.336,2953240,,
2025/11/05 17:26:40.414,-0.213,0.224,5.045,0.014,-0.079,-0.011,-0.007,-0.131,-0.159,-0.113,-0.196,4.732,2953340,,
2025/11/05 17:26:40.414,0.193,-0.366,4.463,0.023,-0.085,-0.021,-0.007,-0.124,-0.161,-0.098,-0.172,4.099,2953440,,
2025/11/05 17:26:40.415,0.367,-1.017,3.985,0.021,-0.084,-0.047,0.025,-0.115,-0.172,-0.072,-0.186,3.571,2953540,,
2025/11/05 17:26:40.416,0.147,-0.224,3.228,0.042,-0.11,-0.016,0.008,-0.124,-0.167,-0.131,-0.121,3.185,2953640,,
2025/11/05 17:26:40.417,0.072,-0.278,2.944,0.025,-0.164,-0.035,-0.033,-0.118,-0.149,-0.113,-0.003,3.033,2953740,,
2025/11/05 17:26:40.418,0.776,-0.591,3.31,0.012,-0.178,-0.033,-0.033,-0.113,-0.144,-0.113,0.033,3.104,2953840,,
2025/11/05 17:26:40.419,0.402,-0.159,2.95,0.012,-0.16,-0.034,-0.026,-0.113,-0.149,-0.125,0.011,3.337,2953940,,
2025/11/05 17:26:40.419,0.288,-0.521,3.097,0.002,-0.175,-0.027,-0.013,-0.106,-0.138,-0.119,0.02,3.724,2954040,,
2025/11/05 17:26:40.420,0.474,-0.219,3.508,0.004,-0.17,-0.019,-0.008,-0.102,-0.136,-0.118,-0.014,4.162,2954140,,
2025/11/05 17:26:40.421,0.225,-0.374,3.779,0.006,-0.17,-0.008,0.06,-0.095,-0.095,-0.105,0.038,4.595,2954240,,
2025/11/05 17:26:40.422,0.96,-0.539,5.095,0.025,-0.17,0.011,0.069,-0.081,-0.09,-0.074,0.001,5.072,2954340,,
2025/11/05 17:26:40.423,0.147,-0.41,5.435,-0.005,-0.161,-0.038,0.085,-0.114,-0.08,-0.153,-0.032,5.548,2954440,,
2025/11/05 17:26:40.424,0.185,-0.844,6.245,0.002,-0.16,-0.039,0.096,-0.11,-0.075,-0.142,-0.082,6.046,2954540,,
2025/11/05 17:26:40.425,0.051,-0.202,6.662,-0.035,-0.128,-0.066,0.12,-0.138,-0.052,-0.205,-0.084,6.366,2954640,,
2025/11/05 17:26:40.425,-0.392,-0.746,6.829,-0.062,-0.179,-0.078,0.105,-0.153,-0.077,-0.234,-0.221,6.541,2954740,,
2025/11/05 17:26:40.426,-0.604,-0.741,6.616,-0.104,-0.188,-0.086,0.11,-0.175,-0.082,-0.272,-0.28,6.45,2954840,,
2025/11/05 17:26:40.426,0.421,-0.283,7.233,-0.095,-0.179,-0.092,0.111,-0.168,-0.078,-0.215,-0.288,6.194,2954940,,
2025/11/05 17:26:40.427,0.713,-1.016,7.089,-0.098,-0.241,-0.095,0.155,-0.169,-0.12,-0.169,-0.399,5.814,2955040,,
2025/11/05 17:26:40.428,0.115,-1.191,6.508,-0.097,-0.248,-0.105,0.176,-0.166,-0.13,-0.108,-0.391,5.346,2955140,,
2025/11/05 17:26:40.428,1.2,-1.058,6.376,-0.115,-0.244,-0.138,0.209,-0.159,-0.14,-0.026,-0.363,4.807,2955240,,
2025/11/05 17:26:40.429,0.502,-0.819,5.222,-0.122,-0.229,-0.127,0.224,-0.163,-0.144,-0.005,-0.29,4.236,2955340,,
2025/11/05 17:26:40.429,0.336,-0.99,4.622,-0.132,-0.219,-0.129,0.213,-0.161,-0.144,0.021,-0.177,3.755,2955440,,
2025/11/05 17:26:40.430,0.277,-0.271,3.892,-0.133,-0.205,-0.124,0.217,-0.16,-0.148,0.018,-0.087,3.392,2955540,,
2025/11/05 17:26:40.431,0.166,-1.031,3.515,-0.116,-0.132,-0.119,0.216,-0.166,-0.178,-0.028,-0.089,3.178,2955640,,
2025/11/05 17:26:40.431,-0.0,-0.524,3.415,-0.127,-0.097,-0.121,0.2,-0.163,-0.197,-0.057,-0.068,3.228,2955740,,
2025/11/05 17:26:40.432,0.748,-0.176,3.753,-0.148,-0.071,-0.091,0.17,-0.141,-0.221,-0.057,-0.074,3.502,2955840,,
2025/11/05 17:26:40.433,0.394,-0.389,3.695,-0.159,-0.069,-0.06,0.136,-0.121,-0.241,-0.066,-0.092,3.888,2955940,,
2025/11/05 17:26:40.433,0.27,-0.113,4.069,-0.139,-0.068,0.031,0.153,-0.065,-0.231,0.009,-0.064,4.386,2956040,,
2025/11/05 17:26:40.434,-0.227,0.087,4.203,-0.15,-0.061,-0.001,0.166,-0.085,-0.223,-0.09,-0.058,4.777,2956140,,
2025/11/05 17:26:40.435,-0.454,0.256,4.601,-0.112,-0.028,0.051,0.201,-0.049,-0.194,-0.044,-0.018,5.26,2956240,,
2025/11/05 17:26:40.435,0.994,0.548,5.759,-0.043,0.056,0.099,0.258,-0.001,-0.136,0.042,0.091,5.694,2956340,,
2025/11/05 17:26:40.436,-0.027,-0.232,5.526,-0.061,0.088,0.095,0.273,-0.008,-0.118,-0.02,0.084,5.987,2956440,,
2025/11/05 17:26:40.437,0.179,-0.843,5.97,-0.053,0.017,0.097,0.255,-0.004,-0.154,-0.047,-0.109,6.173,2956540,,
2025/11/05 17:26:40.437,0.424,-0.061,6.387,-0.051,0.027,0.096,0.256,-0.003,-0.149,-0.076,-0.185,6.24,2956640,,
2025/11/05 17:26:40.438,0.487,0.275,6.69,-0.041,0.011,0.087,0.26,0.003,-0.158,-0.08,-0.297,6.2,2956740,,
2025/11/05 17:26:40.439,-0.436,0.043,6.213,-0.022,0.051,0.068,0.221,0.018,-0.128,-0.05,-0.281,6.045,2956840,,
2025/11/05 17:26:40.439,-0.348,0.925,6.311,-0.022,0.053,0.057,0.173,0.021,-0.111,-0.039,-0.265,5.771,2956940,,
2025/11/05 17:26:40.440,-0.566,-0.263,6.153,-0.007,0.054,0.123,0.145,0.001,-0.1,-0.12,-0.251,5.386,2957040,,
2025/11/05 17:26:40.440,-0.023,-0.425,5.694,0.006,0.053,0.128,0.153,0.0,-0.103,-0.117,-0.264,4.979,2957140,,
2025/11/05 17:26:40.441,1.039,-1.409,5.54,-0.039,0.057,0.088,0.16,0.015,-0.105,-0.014,-0.256,4.568,2957240,,
2025/11/05 17:26:40.442,1.014,-0.759,4.592,-0.081,0.061,0.074,0.167,0.03,-0.106,0.078,-0.225,4.093,2957340,,
2025/11/05 17:26:40.442,0.426,-0.792,3.932,-0.097,0.053,0.079,0.164,0.038,-0.104,0.133,-0.162,3.679,2957440,,
2025/11/05 17:26:40.443,0.321,-1.065,3.919,-0.076,0.096,0.062,0.116,0.023,-0.141,0.117,-0.195,3.493,2957540,,
2025/11/05 17:26:40.444,0.04,-0.33,3.846,-0.073,0.078,0.037,0.151,0.008,-0.118,0.089,-0.083,3.52,2957640,,
2025/11/05 17:26:40.444,1.174,-0.392,4.208,-0.058,0.079,0.112,0.048,0.053,-0.18,0.18,-0.178,3.739,2957740,,
2025/11/05 17:26:40.445,0.285,-0.182,3.777,-0.06,0.039,0.08,-0.072,0.034,-0.255,0.124,-0.333,3.97,2957840,,
2025/11/05 17:26:40.446,-0.632,-0.02,3.74,-0.026,0.032,0.143,-0.078,0.075,-0.26,0.211,-0.331,4.383,2957940,,
2025/11/05 17:26:40.446,-0.151,-0.265,4.173,-0.009,0.043,0.158,-0.067,0.088,-0.251,0.218,-0.285,4.738,2958040,,
2025/11/05 17:26:40.447,0.188,0.166,4.852,0.048,0.057,0.19,-0.062,0.124,-0.244,0.28,-0.237,5.198,2958140,,
2025/11/05 17:26:40.447,-0.198,0.189,5.159,0.014,0.061,0.172,-0.061,0.104,-0.242,0.169,-0.203,5.528,2958240,,
2025/11/05 17:26:40.448,-1.046,-0.26,5.469,-0.059,0.023,0.161,-0.066,0.066,-0.262,-0.001,-0.235,5.883,2958340,,
2025/11/05 17:26:40.449,-0.593,0.031,6.13,-0.018,0.027,0.167,-0.073,0.087,-0.258,0.003,-0.203,6.245,2958440,,
2025/11/05 17:26:40.449,0.711,-1.07,6.619,0.012,0.027,0.147,-0.078,0.107,-0.257,0.014,-0.183,6.345,2958540,,
2025/11/05 17:26:40.450,0.806,-0.167,6.722,0.017,0.013,0.129,-0.072,0.115,-0.265,0.005,-0.193,6.282,2958640,,
2025/11/05 17:26:40.451,0.559,0.824,6.627,0.018,0.015,0.072,-0.081,0.135,-0.261,0.064,-0.179,6.082,2958740,,
2025/11/05 17:26:40.451,-0.833,0.337,6.08,0.033,0.011,0.116,-0.115,0.122,-0.25,0.001,-0.143,5.723,2958840,,
2025/11/05 17:26:40.452,-0.953,0.01,5.762,0.052,0.003,0.123,-0.116,0.118,-0.249,-0.012,-0.157,5.334,2958940,,
2025/11/05 17:26:40.452,0.763,-0.911,6.166,0.036,0.019,0.117,-0.103,0.123,-0.254,0.028,-0.214,4.947,2959040,,
2025/11/05 17:26:40.453,0.139,-0.335,5.501,0.037,0.032,0.117,-0.099,0.123,-0.259,0.06,-0.268,4.592,2959140,,
2025/11/05 17:26:40.454,0.462,0.104,5.504,0.026,0.035,0.124,-0.099,0.13,-0.26,0.12,-0.308,4.362,2959240,,
2025/11/05 17:26:40.454,0.094,-0.498,5.146,0.026,0.048,0.126,-0.106,0.131,-0.267,0.167,-0.36,4.261,2959340,,
2025/11/05 17:26:40.455,0.875,-0.856,5.494,0.026,0.06,0.155,-0.168,0.148,-0.306,0.247,-0.473,4.35,2959440,,
2025/11/05 17:26:40.456,-0.457,-0.81,4.767,0.018,0.052,0.129,-0.149,0.132,-0.294,0.247,-0.453,4.559,2959540,,
2025/11/05 17:26:40.456,-0.584,-0.131,4.537,0.008,0.049,0.11,-0.158,0.119,-0.3,0.229,-0.459,4.762,2959640,,
2025/11/05 17:26:40.457,-0.231,-0.277,4.32,-0.017,0.065,0.075,-0.144,0.095,-0.287,0.16,-0.4,4.853,2959740,,
2025/11/05 17:26:40.458,0.855,-0.346,5.148,0.0,0.078,0.083,-0.138,0.105,-0.28,0.169,-0.333,5.01,2959840,,
2025/11/05 17:26:40.458,0.539,-0.036,5.071,-0.004,0.08,0.081,-0.14,0.102,-0.28,0.137,-0.277,5.233,2959940,,
2025/11/05 17:26:40.459,0.604,0.44,5.716,0.028,0.04,0.092,-0.154,0.119,-0.301,0.16,-0.282,5.554,2960040,,
2025/11/05 17:26:40.459,0.648,-0.792,6.273,0.09,0.021,0.103,-0.146,0.151,-0.312,0.217,-0.259,5.945,2960140,,
2025/11/05 17:26:40.460,-0.01,-0.415,6.102,0.085,0.063,0.118,-0.155,0.145,-0.288,0.153,-0.15,6.193,2960240,,
2025/11/05 17:26:40.461,-0.976,0.393,6.022,0.078,0.098,0.124,-0.183,0.14,-0.263,0.088,-0.057,6.334,2960340,,
2025/11/05 17:26:40.461,-0.053,-0.272,5.959,0.066,0.117,0.146,-0.23,0.128,-0.24,0.006,0.012,6.278,2960440,,
2025/11/05 17:26:40.462,-0.471,-0.34,5.639,0.071,0.108,0.194,-0.234,0.112,-0.241,-0.086,-0.016,6.063,2960540,,
2025/11/05 17:26:40.463,-0.861,-0.415,5.526,0.099,0.109,0.249,-0.231,0.096,-0.242,-0.171,-0.079,5.762,2960640,,
2025/11/05 17:26:40.463,-1.659,0.414,5.044,0.185,0.086,0.336,-0.239,0.066,-0.236,-0.301,-0.129,5.43,2960740,,
2025/11/05 17:26:40.464,0.22,-0.703,5.611,0.285,0.032,0.385,-0.253,0.034,-0.218,-0.383,-0.145,5.089,2960840,,
2025/11/05 17:26:40.464,-0.258,-0.447,4.95,0.356,0.003,0.375,-0.24,0.003,-0.202,-0.374,-0.191,4.807,2960940,,
2025/11/05 17:26:40.465,-0.531,0.799,4.927,0.392,0.012,0.363,-0.234,-0.014,-0.203,-0.282,-0.283,4.637,2961040,,
2025/11/05 17:26:40.466,0.075,0.339,5.065,0.413,0.01,0.331,-0.228,-0.036,-0.198,-0.162,-0.346,4.611,2961140,,
2025/11/05 17:26:40.466,0.719,-0.391,5.076,0.406,0.02,0.398,-0.223,0.004,-0.196,0.127,-0.396,4.727,2961240,,
2025/11/05 17:26:40.467,0.728,0.711,4.234,0.424,0.034,0.443,-0.206,0.032,-0.184,0.383,-0.393,4.72,2961340,,
2025/11/05 17:26:40.467,0.866,0.158,3.325,0.389,0.063,0.389,-0.155,-0.004,-0.15,0.441,-0.294,4.433,2961440,,
2025/11/05 17:26:40.468,0.96,-0.56,3.16,0.407,0.048,0.411,-0.17,0.011,-0.163,0.57,-0.286,4.153,2961540,,
2025/11/05 17:26:40.468,2.102,0.401,4.226,0.57,0.012,0.512,-0.192,0.118,-0.186,0.884,-0.3,4.229,2961640,,
2025/11/05 17:26:40.469,1.147,0.661,4.206,0.576,0.077,0.519,-0.16,0.124,-0.148,0.839,-0.128,4.418,2961740,,
2025/11/05 17:26:40.469,0.785,0.158,4.801,0.563,0.11,0.528,-0.153,0.118,-0.131,0.67,-0.017,4.797,2961840,,
2025/11/05 17:26:40.470,0.857,-0.21,5.914,0.581,0.149,0.534,-0.157,0.126,-0.11,0.469,0.086,5.314,2961940,,
2025/11/05 17:26:40.470,0.942,-0.197,6.68,0.572,0.133,0.542,-0.144,0.12,-0.121,0.178,0.073,5.812,2962040,,
2025/11/05 17:26:40.471,-1.113,-0.343,6.019,0.552,0.156,0.585,-0.149,0.098,-0.109,-0.169,0.094,6.15,2962140,,
2025/11/05 17:26:40.471,-1.357,0.325,5.239,0.543,0.165,0.662,-0.166,0.068,-0.1,-0.526,0.084,6.161,2962240,,
2025/11/05 17:26:40.472,-2.246,-0.149,4.431,0.583,0.158,0.775,-0.183,0.035,-0.095,-0.857,0.044,5.875,2962340,,
2025/11/05 17:26:40.473,0.007,-0.419,5.004,0.636,0.149,0.87,-0.196,0.008,-0.092,-1.069,-0.014,5.416,2962440,,
2025/11/05 17:26:40.473,-0.945,0.227,4.314,0.72,0.124,0.934,-0.214,-0.018,-0.084,-1.145,-0.062,4.912,2962540,,
2025/11/05 17:26:40.474,-0.333,1.112,4.942,0.692,0.116,0.941,-0.21,-0.005,-0.079,-0.913,-0.139,4.564,2962640,,
2025/11/05 17:26:40.475,-1.734,0.463,5.164,0.679,0.093,0.924,-0.208,-0.007,-0.069,-0.588,-0.183,4.493,2962740,,
2025/11/05 17:26:40.475,-0.397,-1.197,5.861,0.684,0.099,0.913,-0.222,-0.014,-0.078,-0.222,-0.266,4.629,2962840,,
2025/11/05 17:26:40.476,0.773,-0.552,5.649,0.678,0.106,0.944,-0.219,0.004,-0.078,0.231,-0.311,4.853,2962940,,
2025/11/05 17:26:40.477,1.927,-0.271,5.088,0.695,0.099,1.018,-0.268,0.049,-0.108,0.723,-0.394,4.878,2963040,,
2025/11/05 17:26:40.477,0.657,-0.526,3.744,0.692,0.106,1.019,-0.217,0.049,-0.078,1.043,-0.299,4.679,2963140,,
2025/11/05 17:26:40.478,0.826,-0.091,3.55,0.684,0.124,1.004,-0.185,0.039,-0.058,1.208,-0.194,4.381,2963240,,
2025/11/05 17:26:40.478,0.341,0.424,3.523,0.815,0.164,1.11,-0.155,0.139,-0.028,1.516,-0.046,4.327,2963340,,
2025/11/05 17:26:40.479,1.313,-0.159,4.11,0.789,0.149,1.091,-0.162,0.121,-0.037,1.355,0.008,4.308,2963440,,
2025/11/05 17:26:40.480,1.065,0.002,4.388,0.805,0.108,1.103,-0.181,0.131,-0.06,1.115,0.014,4.5,2963540,,
2025/11/05 17:26:40.480,0.837,-0.819,5.374,0.782,0.054,1.102,-0.183,0.119,-0.088,0.687,-0.001,4.815,2963640,,
2025/11/05 17:26:40.481,-0.396,-0.549,6.054,0.775,0.085,1.111,-0.184,0.113,-0.072,0.203,0.096,5.285,2963740,,
2025/11/05 17:26:40.482,-1.812,-0.039,6.41,0.756,0.09,1.129,-0.184,0.099,-0.07,-0.315,0.13,5.769,2963840,,
2025/11/05 17:26:40.482,-1.238,-0.112,6.181,0.737,0.087,1.167,-0.187,0.079,-0.07,-0.805,0.134,5.999,2963940,,
2025/11/05 17:26:40.483,-1.253,-0.458,5.359,0.738,0.077,1.187,-0.148,0.072,-0.086,-1.148,0.058,5.948,2964040,,
2025/11/05 17:26:40.483,-0.205,-0.318,5.461,0.722,0.076,1.169,-0.135,0.077,-0.09,-1.281,0.003,5.685,2964140,,
2025/11/05 17:26:40.484,-1.528,0.353,4.463,0.745,0.078,1.188,-0.132,0.07,-0.091,-1.302,-0.049,5.302,2964240,,
2025/11/05 17:26:40.485,-2.004,0.363,3.923,0.815,0.097,1.214,-0.129,0.047,-0.097,-1.216,-0.129,4.862,2964340,,
2025/11/05 17:26:40.485,-2.422,-0.626,3.899,0.953,0.115,1.193,-0.134,-0.013,-0.105,-1.072,-0.208,4.473,2964440,,
2025/11/05 17:26:40.486,-1.063,-0.693,4.816,1.035,0.084,1.124,-0.107,-0.072,-0.083,-0.775,-0.193,4.334,2964540,,
2025/11/05 17:26:40.487,-0.289,-0.67,5.667,1.086,0.092,1.03,-0.122,-0.137,-0.094,-0.416,-0.24,4.444,2964640,,
2025/11/05 17:26:40.487,-0.228,0.033,6.004,1.099,0.088,0.913,-0.117,-0.208,-0.09,-0.058,-0.237,4.85,2964740,,
2025/11/05 17:26:40.488,0.069,0.976,6.485,1.093,0.1,0.876,-0.105,-0.231,-0.082,0.372,-0.207,5.426,2964840,,
2025/11/05 17:26:40.489,0.702,-0.215,6.454,1.029,0.11,0.783,-0.091,-0.295,-0.072,0.613,-0.149,5.892,2964940,,
2025/11/05 17:26:40.490,1.039,-0.648,5.557,1.147,0.099,0.912,-0.095,-0.194,-0.079,1.148,-0.117,6.18,2965040,,
2025/11/05 17:26:40.490,0.891,-0.069,4.271,1.228,0.133,0.971,-0.071,-0.136,-0.055,1.427,-0.003,5.893,2965140,,
2025/11/05 17:26:40.491,1.133,0.526,3.408,1.209,0.157,0.963,-0.068,-0.146,-0.045,1.328,0.076,5.234,2965240,,
2025/11/05 17:26:40.491,2.659,-0.189,3.656,1.322,0.113,0.989,-0.083,-0.088,-0.068,1.244,0.044,4.713,2965340,,
2025/11/05 17:26:40.492,1.907,-0.262,3.857,1.386,0.071,0.981,-0.074,-0.053,-0.092,0.915,0.0,4.421,2965440,,
2025/11/05 17:26:40.493,0.875,0.695,4.716,1.442,0.077,0.951,-0.072,-0.017,-0.089,0.462,0.016,4.459,2965540,,
2025/11/05 17:26:40.493,-0.099,0.377,6.275,1.494,0.083,0.897,-0.073,0.022,-0.086,-0.035,0.017,4.908,2965640,,
2025/11/05 17:26:40.494,-0.889,-1.275,7.938,1.511,0.087,0.858,-0.068,0.041,-0.087,-0.583,-0.006,5.613,2965740,,
2025/11/05 17:26:40.494,-0.8,-0.689,6.792,1.512,0.077,0.904,-0.096,0.026,-0.079,-1.173,-0.001,6.106,2965840,,
2025/11/05 17:26:40.495,-1.306,0.671,4.577,1.484,0.093,0.883,-0.067,0.034,-0.087,-1.509,-0.081,5.997,2965940,,
2025/11/05 17:26:40.495,-2.146,0.686,3.031,1.546,0.075,0.93,-0.081,0.014,-0.081,-1.781,-0.092,5.384,2966040,,
2025/11/05 17:26:40.496,-1.109,-0.534,3.29,1.531,0.076,0.922,-0.079,0.018,-0.081,-1.711,-0.132,4.783,2966140,,
2025/11/05 17:26:40.496,-2.768,-1.181,3.089,1.652,0.089,0.856,-0.087,-0.051,-0.089,-1.639,-0.184,4.303,2966240,,
2025/11/05 17:26:40.497,-2.022,-1.07,4.299,1.738,0.044,0.753,-0.041,-0.13,-0.052,-1.397,-0.11,4.113,2966340,,
2025/11/05 17:26:40.497,-1.444,-0.632,5.448,1.774,0.054,0.654,-0.065,-0.194,-0.069,-0.982,-0.154,4.299,2966440,,
2025/11/05 17:26:40.498,-0.655,-0.853,6.817,1.769,0.043,0.485,-0.111,-0.296,-0.096,-0.584,-0.216,4.884,2966540,,
2025/11/05 17:26:40.498,0.477,-0.546,7.595,1.758,0.054,0.449,-0.07,-0.318,-0.072,0.013,-0.145,5.795,2966640,,
2025/11/05 17:26:40.499,1.298,0.063,7.248,1.829,0.062,0.52,-0.052,-0.261,-0.061,0.763,-0.093,6.566,2966740,,
2025/11/05 17:26:40.499,0.648,0.615,5.721,1.814,0.07,0.499,-0.037,-0.275,-0.052,1.218,-0.039,6.64,2966840,,
2025/11/05 17:26:40.500,1.009,1.174,4.303,1.841,0.079,0.515,-0.03,-0.258,-0.045,1.573,0.005,6.153,2966940,,
2025/11/05 17:26:40.501,0.357,0.861,2.928,1.812,0.108,0.507,-0.021,-0.272,-0.03,1.605,0.071,5.349,2967040,,
2025/11/05 17:26:40.501,1.338,0.886,3.298,1.763,0.115,0.495,-0.028,-0.297,-0.026,1.369,0.092,4.678,2967140,,
2025/11/05 17:26:40.502,1.864,-0.07,3.757,1.86,0.11,0.482,-0.031,-0.244,-0.028,1.142,0.083,4.369,2967240,,
2025/11/05 17:26:40.502,1.811,-1.019,4.58,1.989,0.108,0.383,-0.03,-0.153,-0.029,0.836,0.063,4.342,2967340,,
2025/11/05 17:26:40.503,1.567,-0.168,5.626,2.028,0.103,0.272,-0.033,-0.101,-0.03,0.323,0.035,4.52,2967440,,
2025/11/05 17:26:40.504,1.304,0.09,7.062,2.019,0.108,0.138,0.009,-0.056,-0.044,-0.226,-0.055,4.967,2967540,,
2025/11/05 17:26:40.504,-0.996,-0.038,7.318,1.974,0.1,0.029,-0.033,-0.025,-0.032,-0.772,-0.037,5.584,2967640,,
2025/11/05 17:26:40.505,-1.642,0.367,6.608,1.976,0.077,0.032,-0.055,-0.026,-0.023,-1.37,-0.034,5.978,2967740,,
2025/11/05 17:26:40.506,-1.92,-0.385,5.308,1.988,0.118,0.03,-0.026,-0.03,-0.036,-1.806,-0.129,5.999,2967840,,
2025/11/05 17:26:40.506,-1.656,-1.43,4.112,1.979,0.18,0.031,-0.032,-0.026,-0.063,-1.994,-0.239,5.61,2967940,,
2025/11/05 17:26:40.507,-1.444,-0.556,2.981,1.95,0.156,0.048,-0.025,-0.008,-0.052,-1.893,-0.21,4.905,2968040,,
2025/11/05 17:26:40.507,-1.8,0.501,2.922,1.947,0.157,0.069,-0.023,0.003,-0.05,-1.572,-0.194,4.14,2968140,,
2025/11/05 17:26:40.508,-2.871,0.533,2.716,1.974,0.148,-0.139,-0.01,-0.124,-0.042,-1.384,-0.137,3.471,2968240,,
2025/11/05 17:26:40.509,-2.793,0.483,3.687,1.929,0.144,-0.29,-0.039,-0.218,-0.059,-0.999,-0.134,3.371,2968340,,
2025/11/05 17:26:40.509,-2.119,0.052,5.219,1.825,0.145,-0.463,-0.039,-0.334,-0.058,-0.619,-0.084,3.844,2968440,,
2025/11/05 17:26:40.510,-1.132,1.443,6.814,1.805,0.206,-0.481,0.005,-0.35,-0.013,0.01,0.082,4.927,2968540,,
2025/11/05 17:26:40.510,-0.223,0.954,6.487,1.708,0.223,-0.541,0.013,-0.414,-0.003,0.452,0.167,5.866,2968640,,
2025/11/05 17:26:40.511,1.006,0.473,5.203,1.771,0.173,-0.503,-0.015,-0.374,-0.034,1.061,0.118,6.127,2968740,,
2025/11/05 17:26:40.511,-0.366,-0.196,3.445,1.948,0.122,-0.441,-0.032,-0.283,-0.061,1.644,0.06,5.908,2968840,,
2025/11/05 17:26:40.512,1.029,0.815,2.927,1.892,0.186,-0.446,-0.048,-0.312,-0.024,1.624,0.168,5.331,2968940,,
2025/11/05 17:26:40.512,1.65,0.33,2.924,1.881,0.143,-0.437,-0.042,-0.32,-0.048,1.421,0.09,4.81,2969040,,
2025/11/05 17:26:40.513,1.587,-0.01,3.64,1.901,0.131,-0.452,-0.032,-0.307,-0.056,1.056,0.038,4.504,2969140,,
2025/11/05 17:26:40.513,1.116,-0.174,4.526,1.931,0.134,-0.524,-0.054,-0.271,-0.048,0.589,0.03,4.504,2969240,,
2025/11/05 17:26:40.514,1.363,-0.74,6.174,1.902,0.125,-0.68,-0.101,-0.222,-0.034,0.111,0.043,4.768,2969340,,
2025/11/05 17:26:40.515,0.413,-0.486,7.334,1.835,0.124,-0.782,-0.091,-0.191,-0.036,-0.455,-0.022,5.255,2969440,,
2025/11/05 17:26:40.515,0.121,-0.052,7.331,1.767,0.104,-0.829,-0.102,-0.17,-0.03,-1.029,-0.047,5.712,2969540,,
2025/11/05 17:26:40.518,0.197,-0.687,6.507,1.716,0.116,-0.841,-0.104,-0.151,-0.035,-1.519,-0.113,5.838,2969640,,
2025/11/05 17:26:40.617,-0.924,-1.482,5.176,1.654,0.132,-0.833,-0.122,-0.124,-0.048,-1.81,-0.185,5.627,2969740,,
2025/11/05 17:26:40.718,-1.775,-1.179,4.073,1.664,0.137,-0.834,-0.141,-0.127,-0.059,-1.986,-0.24,5.071,2969840,,
2025/11/05 17:26:40.817,-2.164,-0.736,3.273,1.679,0.135,-0.861,-0.138,-0.146,-0.057,-1.959,-0.25,4.338,2969940,,
2025/11/05 17:26:40.918,-0.909,-0.205,3.7,1.687,0.141,-0.831,-0.116,-0.128,-0.044,-1.617,-0.211,3.728,2970040,,
2025/11/05 17:26:41.017,-0.031,-0.657,4.253,1.683,0.12,-0.84,-0.163,-0.133,-0.074,-1.135,-0.25,3.436,2970140,,
2025/11/05 17:26:41.118,-0.705,-1.013,4.749,1.639,0.114,-0.89,-0.159,-0.17,-0.075,-0.61,-0.199,3.589,2970240,,
2025/11/05 17:26:41.217,-0.56,-1.174,5.54,1.588,0.055,-0.937,-0.193,-0.211,-0.114,-0.054,-0.24,4.166,2970340,,
2025/11/05 17:26:41.318,-0.15,-0.572,5.735,1.497,0.074,-0.992,-0.177,-0.27,-0.099,0.414,-0.137,4.802,2970440,,
2025/11/05 17:26:41.419,0.932,0.412,5.72,1.457,0.062,-1.017,-0.182,-0.295,-0.106,0.883,-0.088,5.225,2970540,,
2025/11/05 17:26:41.518,0.877,0.656,5.068,1.316,0.086,-1.052,-0.175,-0.366,-0.094,1.067,0.012,5.333,2970640,,
2025/11/05 17:26:41.617,0.597,-0.108,4.467,1.197,0.083,-1.034,-0.16,-0.432,-0.098,1.107,0.05,5.275,2970740,,
2025/11/05 17:26:41.718,1.811,0.069,4.684,1.219,0.064,-1.054,-0.134,-0.416,-0.114,1.182,0.027,5.236,2970840,,
2025/11/05 17:26:41.817,1.371,-0.08,4.412,1.24,0.101,-1.087,-0.179,-0.396,-0.084,1.069,0.119,5.142,2970940,,
2025/11/05 17:26:41.918,0.936,-0.699,4.524,1.233,0.116,-1.132,-0.195,-0.383,-0.074,0.768,0.123,5.046,2971040,,
2025/11/05 17:26:42.017,0.302,0.249,4.686,1.217,0.109,-1.152,-0.219,-0.377,-0.067,0.3,0.102,4.962,2971140,,
2025/11/05 17:26:42.118,1.047,0.59,5.922,1.13,0.102,-1.231,-0.226,-0.348,-0.065,-0.135,0.041,5.017,2971240,,
2025/11/05 17:26:42.217,0.494,0.359,6.532,1.037,0.094,-1.265,-0.235,-0.318,-0.062,-0.6,-0.029,5.196,2971340,,
2025/11/05 17:26:42.318,-1.177,-0.218,5.874,0.968,0.147,-1.269,-0.246,-0.292,-0.086,-1.054,-0.194,5.364,2971440,,
2025/11/05 17:26:42.419,-1.359,-0.068,5.286,0.937,0.141,-1.253,-0.254,-0.274,-0.087,-1.445,-0.276,5.332,2971540,,
2025/11/05 17:26:42.518,-0.724,-0.051,4.813,0.883,0.1,-1.154,-0.203,-0.206,-0.048,-1.569,-0.241,5.114,2971640,,
2025/11/05 17:26:42.617,-0.912,-0.127,3.872,0.89,0.098,-1.099,-0.204,-0.174,-0.048,-1.588,-0.271,4.612,2971740,,
2025/11/05 17:26:42.718,-0.961,-0.588,3.658,0.902,0.077,-1.074,-0.258,-0.158,-0.082,-1.447,-0.351,4.077,2971840,,
2025/11/05 17:26:42.817,-0.959,-0.798,3.752,0.902,0.064,-1.071,-0.26,-0.156,-0.086,-1.167,-0.342,3.749,2971940,,
2025/11/05 17:26:42.918,-1.244,-0.64,4.342,0.915,0.087,-1.06,-0.224,-0.146,-0.063,-0.736,-0.232,3.829,2972040,,
2025/11/05 17:26:43.017,-1.015,0.577,4.681,0.863,0.086,-1.109,-0.225,-0.19,-0.064,-0.37,-0.163,4.109,2972140,,
2025/11/05 17:26:43.117,-1.267,0.684,4.789,0.718,0.073,-1.18,-0.23,-0.274,-0.071,-0.115,-0.1,4.466,2972240,,
2025/11/05 17:26:43.217,-0.368,0.587,4.958,0.674,0.049,-1.19,-0.239,-0.296,-0.082,0.288,-0.051,4.834,2972340,,
2025/11/05 17:26:43.317,0.014,0.609,4.878,0.623,0.048,-1.19,-0.244,-0.324,-0.082,0.609,0.033,5.048,2972440,,
2025/11/05 17:26:43.419,0.084,0.644,5.007,0.546,0.063,-1.157,-0.257,-0.371,-0.071,0.76,0.133,5.176,2972540,,
2025/11/05 17:26:43.517,-0.322,0.223,4.497,0.505,0.066,-1.089,-0.261,-0.41,-0.069,0.779,0.186,5.254,2972640,,
2025/11/05 17:26:43.617,1.095,-0.311,5.181,0.492,0.079,-1.03,-0.322,-0.434,-0.043,0.675,0.287,5.238,2972740,,
2025/11/05 17:26:43.718,1.234,-0.518,5.33,0.487,0.071,-1.071,-0.322,-0.421,-0.045,0.567,0.262,5.246,2972840,,
2025/11/05 17:26:43.817,1.544,-0.17,5.429,0.449,0.077,-1.127,-0.305,-0.404,-0.05,0.365,0.178,5.176,2972940,,
2025/11/05 17:26:43.917,1.702,-0.366,5.73,0.428,0.117,-1.138,-0.276,-0.397,-0.063,0.015,0.026,5.065,2973040,,
2025/11/05 17:26:44.017,-0.016,-0.296,5.347,0.406,0.107,-1.145,-0.294,-0.389,-0.062,-0.379,-0.062,4.994,2973140,,
2025/11/05 17:26:44.117,-0.691,0.097,5.147,0.34,0.11,-1.124,-0.308,-0.357,-0.067,-0.707,-0.18,4.947,2973240,,
2025/11/05 17:26:44.217,-0.777,0.483,5.068,0.283,0.085,-1.064,-0.291,-0.309,-0.051,-0.955,-0.235,4.852,2973340,,
2025/11/05 17:26:44.317,-0.8,0.939,4.845,0.236,0.091,-0.946,-0.273,-0.233,-0.041,-1.038,-0.291,4.796,2973440,,
2025/11/05 17:26:44.419,-1.528,-0.437,4.533,0.228,0.089,-0.942,-0.231,-0.23,-0.015,-1.17,-0.262,4.631,2973540,,
2025/11/05 17:26:44.517,-1.564,-0.925,4.154,0.225,0.096,-0.912,-0.212,-0.213,-0.004,-1.147,-0.227,4.523,2973640,,
2025/11/05 17:26:44.617,-0.029,-0.955,4.802,0.281,0.098,-0.83,-0.218,-0.156,-0.007,-0.901,-0.197,4.497,2973740,,
2025/11/05 17:26:44.717,0.672,-0.966,4.923,0.3,0.044,-0.825,-0.268,-0.146,-0.049,-0.668,-0.248,4.45,2973840,,
2025/11/05 17:26:44.817,-0.421,-0.476,4.544,0.251,0.02,-0.857,-0.278,-0.179,-0.062,-0.477,-0.209,4.46,2973940,,
2025/11/05 17:26:44.917,-1.212,-0.448,4.616,0.203,-0.005,-0.877,-0.28,-0.206,-0.073,-0.241,-0.153,4.614,2974040,,
2025/11/05 17:26:45.017,-0.555,-0.073,5.088,0.129,-0.029,-0.894,-0.279,-0.243,-0.086,-0.033,-0.09,4.808,2974140,,
2025/11/05 17:26:45.117,-0.578,0.626,4.97,0.127,-0.028,-0.89,-0.287,-0.245,-0.084,0.256,0.014,5.025,2974240,,
2025/11/05 17:26:45.217,-0.199,0.856,4.823,0.09,-0.028,-0.867,-0.303,-0.27,-0.08,0.418,0.118,5.129,2974340,,
2025/11/05 17:26:45.317,0.068,-0.347,4.447,0.064,-0.041,-0.813,-0.285,-0.298,-0.091,0.474,0.153,5.111,2974440,,
2025/11/05 17:26:45.419,0.327,-0.722,4.417,0.072,-0.046,-0.788,-0.271,-0.304,-0.097,0.486,0.171,5.052,2974540,,
2025/11/05 17:26:45.517,1.304,-0.456,4.975,0.059,-0.043,-0.819,-0.257,-0.295,-0.102,0.466,0.156,4.986,2974640,,
2025/11/05 17:26:45.617,1.663,-0.213,5.232,0.037,0.001,-0.835,-0.212,-0.288,-0.118,0.343,0.048,4.92,2974740,,
2025/11/05 17:26:45.717,0.166,0.077,5.123,0.027,-0.02,-0.838,-0.235,-0.284,-0.111,0.126,0.027,4.911,2974840,,
2025/11/05 17:26:45.817,-1.365,0.264,5.139,0.017,-0.053,-0.839,-0.238,-0.281,-0.098,-0.143,-0.002,4.982,2974940,,
2025/11/05 17:26:45.917,-0.481,0.762,5.493,-0.002,-0.092,-0.825,-0.207,-0.269,-0.071,-0.408,-0.016,5.069,2975040,,
2025/11/05 17:26:46.017,0.932,-0.389,5.861,-0.026,-0.077,-0.792,-0.226,-0.244,-0.085,-0.621,-0.134,5.131,2975140,,
2025/11/05 17:26:46.117,0.307,-0.28,5.461,-0.045,-0.081,-0.714,-0.226,-0.195,-0.085,-0.72,-0.209,5.152,2975240,,
2025/11/05 17:26:46.218,-0.284,-0.009,5.555,-0.006,-0.077,-0.533,-0.174,-0.084,-0.053,-0.588,-0.194,5.196,2975340,,
2025/11/05 17:26:46.318,-1.211,0.688,4.815,-0.02,-0.082,-0.587,-0.188,-0.117,-0.062,-0.704,-0.253,5.065,2975440,,
2025/11/05 17:26:46.420,-1.654,0.007,4.169,-0.09,-0.098,-0.665,-0.203,-0.177,-0.074,-0.826,-0.3,4.774,2975540,,
2025/11/05 17:26:46.518,-1.224,-0.48,4.107,-0.084,-0.069,-0.652,-0.189,-0.168,-0.057,-0.703,-0.243,4.574,2975640,,
2025/11/05 17:26:46.617,0.055,-0.701,4.512,-0.078,-0.088,-0.647,-0.201,-0.164,-0.07,-0.523,-0.239,4.431,2975740,,
2025/11/05 17:26:46.717,0.588,-1.16,4.665,-0.123,-0.165,-0.663,-0.222,-0.186,-0.109,-0.379,-0.297,4.355,2975840,,
2025/11/05 17:26:46.818,0.312,-0.426,4.711,-0.094,-0.128,-0.661,-0.215,-0.171,-0.091,-0.097,-0.161,4.441,2975940,,
2025/11/05 17:26:46.918,0.764,0.164,5.203,-0.078,-0.103,-0.679,-0.222,-0.159,-0.076,0.166,-0.033,4.611,2976040,,
2025/11/05 17:26:47.017,1.012,0.629,5.348,-0.11,-0.106,-0.672,-0.214,-0.176,-0.079,0.315,0.037,4.789,2976140,,
2025/11/05 17:26:47.118,-0.158,0.568,4.475,-0.134,-0.094,-0.619,-0.22,-0.203,-0.073,0.366,0.117,4.908,2976240,,
2025/11/05 17:26:47.217,-1.144,0.423,4.138,-0.13,-0.091,-0.587,-0.228,-0.214,-0.07,0.383,0.166,4.975,2976340,,
2025/11/05 17:26:47.318,-0.817,1.355,4.215,-0.121,-0.106,-0.563,-0.233,-0.221,-0.067,0.335,0.188,4.992,2976440,,
2025/11/05 17:26:47.419,-0.133,1.101,4.692,-0.076,-0.113,-0.526,-0.226,-0.236,-0.066,0.174,0.17,4.993,2976540,,
2025/11/05 17:26:47.518,-0.183,0.243,4.838,-0.055,-0.104,-0.536,-0.218,-0.245,-0.068,0.006,0.109,5.045,2976640,,
2025/11/05 17:26:47.618,-0.439,-0.463,4.917,-0.102,-0.1,-0.559,-0.212,-0.234,-0.068,-0.118,0.037,5.125,2976740,,
2025/11/05 17:26:47.718,-0.039,-0.504,5.124,-0.154,-0.117,-0.541,-0.187,-0.208,-0.05,-0.241,-0.001,5.18,2976840,,
2025/11/05 17:26:47.818,0.739,-0.772,5.416,-0.174,-0.118,-0.492,-0.162,-0.175,-0.036,-0.356,-0.049,5.175,2976940,,
2025/11/05 17:26:47.918,1.348,-0.627,5.82,-0.164,-0.109,-0.442,-0.14,-0.145,-0.024,-0.447,-0.091,5.129,2977040,,
2025/11/05 17:26:48.018,0.324,-0.79,5.16,-0.172,-0.111,-0.476,-0.131,-0.166,-0.019,-0.608,-0.131,5.002,2977140,,
2025/11/05 17:26:48.118,-0.793,-0.914,4.539,-0.183,-0.159,-0.501,-0.183,-0.181,-0.058,-0.709,-0.269,4.802,2977240,,
2025/11/05 17:26:48.218,-1.626,-0.652,4.196,-0.166,-0.197,-0.491,-0.205,-0.169,-0.085,-0.674,-0.364,4.627,2977340,,
2025/11/05 17:26:48.318,-1.712,0.375,3.88,-0.136,-0.189,-0.476,-0.199,-0.151,-0.079,-0.551,-0.352,4.458,2977440,,
2025/11/05 17:26:48.419,-0.667,0.768,4.304,-0.153,-0.154,-0.485,-0.189,-0.162,-0.062,-0.452,-0.265,4.343,2977540,,
2025/11/05 17:26:48.518,0.697,-0.721,4.783,-0.181,-0.184,-0.488,-0.201,-0.175,-0.077,-0.328,-0.249,4.328,2977640,,
2025/11/05 17:26:48.618,0.216,-1.043,4.753,-0.219,-0.222,-0.477,-0.197,-0.197,-0.098,-0.204,-0.222,4.398,2977740,,
2025/11/05 17:26:48.718,-0.748,-0.773,4.672,-0.236,-0.236,-0.462,-0.175,-0.209,-0.11,-0.055,-0.156,4.582,2977840,,
2025/11/05 17:26:48.818,-1.369,-0.138,4.493,-0.25,-0.239,-0.438,-0.151,-0.224,-0.119,0.066,-0.083,4.774,2977940,,
2025/11/05 17:26:48.918,-0.644,0.456,4.803,-0.255,-0.237,-0.406,-0.189,-0.237,-0.105,0.148,0.064,4.929,2978040,,
2025/11/05 17:26:49.018,0.471,-0.487,5.315,-0.253,-0.241,-0.381,-0.192,-0.244,-0.104,0.191,0.146,5.095,2978140,,
2025/11/05 17:26:49.118,0.806,-0.424,5.466,-0.258,-0.196,-0.365,-0.129,-0.247,-0.124,0.201,0.097,5.205,2978240,,
2025/11/05 17:26:49.218,0.24,0.642,5.365,-0.235,-0.161,-0.332,-0.106,-0.254,-0.135,0.123,0.058,5.229,2978340,,
2025/11/05 17:26:49.318,-0.349,1.22,5.067,-0.203,-0.171,-0.319,-0.108,-0.264,-0.131,0.003,0.059,5.221,2978440,,
2025/11/05 17:26:49.420,-0.972,0.838,4.641,-0.187,-0.18,-0.339,-0.107,-0.279,-0.126,-0.141,0.036,5.139,2978540,,
2025/11/05 17:26:49.518,-0.311,-0.224,4.67,-0.238,-0.183,-0.312,-0.096,-0.25,-0.12,-0.19,-0.004,5.055,2978640,,
2025/11/05 17:26:49.618,-0.083,-0.941,4.792,-0.272,-0.191,-0.237,-0.034,-0.201,-0.082,-0.201,0.016,4.929,2978740,,
2025/11/05 17:26:49.718,0.579,-1.227,5.215,-0.257,-0.202,-0.206,-0.107,-0.181,-0.127,-0.285,-0.157,4.776,2978840,,
2025/11/05 17:26:49.818,-0.167,0.264,4.819,-0.232,-0.226,-0.195,-0.164,-0.171,-0.162,-0.366,-0.327,4.634,2978940,,
2025/11/05 17:26:49.918,-1.158,-0.065,4.47,-0.265,-0.21,-0.241,-0.137,-0.203,-0.145,-0.522,-0.347,4.518,2979040,,
2025/11/05 17:26:50.018,-0.899,-0.646,4.52,-0.252,-0.179,-0.229,-0.112,-0.192,-0.121,-0.531,-0.324,4.515,2979140,,
2025/11/05 17:26:50.118,-0.506,-0.78,4.335,-0.227,-0.175,-0.214,-0.111,-0.176,-0.119,-0.478,-0.326,4.482,2979240,,
2025/11/05 17:26:50.218,-0.908,-0.459,4.465,-0.194,-0.196,-0.198,-0.117,-0.157,-0.13,-0.377,-0.341,4.545,2979340,,
2025/11/05 17:26:50.318,-0.593,-0.61,4.596,-0.203,-0.154,-0.2,-0.105,-0.162,-0.11,-0.316,-0.237,4.615,2979440,,
2025/11/05 17:26:50.419,-0.51,-0.206,4.782,-0.23,-0.114,-0.193,-0.113,-0.177,-0.087,-0.264,-0.121,4.722,2979540,,
2025/11/05 17:26:50.518,-0.562,0.612,4.658,-0.249,-0.105,-0.175,-0.12,-0.192,-0.081,-0.198,-0.046,4.829,2979640,,
2025/11/05 17:26:50.618,-1.108,0.607,4.39,-0.259,-0.114,-0.126,-0.097,-0.212,-0.091,-0.16,-0.028,4.891,2979740,,
2025/11/05 17:26:50.718,-0.522,0.519,4.843,-0.251,-0.115,-0.095,-0.09,-0.221,-0.094,-0.104,0.005,4.979,2979840,,
2025/11/05 17:26:50.818,1.089,0.119,5.695,-0.277,-0.133,-0.142,-0.106,-0.208,-0.089,0.039,0.064,5.144,2979940,,
2025/11/05 17:26:50.918,1.105,-0.357,5.768,-0.287,-0.116,-0.155,-0.084,-0.203,-0.096,0.11,0.046,5.273,2980040,,
